{
  "prepare_queue": {
    "installed": [],
    "uninstalled": []
  },
  "config_munge": {
    "files": {
      "res/xml/config.xml": {
        "parents": {
          "/*": [
            {
              "xml": "<feature name=\"Whitelist\"><param name=\"android-package\" value=\"org.apache.cordova.whitelist.WhitelistPlugin\" /><param name=\"onload\" value=\"true\" /></feature>",
              "count": 1
            },
            {
              "xml": "<feature name=\"Device\"><param name=\"android-package\" value=\"org.apache.cordova.device.Device\" /></feature>",
              "count": 1
            },
            {
              "xml": "<feature name=\"SplashScreen\"><param name=\"android-package\" value=\"org.apache.cordova.splashscreen.SplashScreen\" /><param name=\"onload\" value=\"true\" /></feature>",
              "count": 1
            },
            {
              "xml": "<feature name=\"FirebasePlugin\"><param name=\"android-package\" value=\"org.apache.cordova.firebase.FirebasePlugin\" /><param name=\"onload\" value=\"true\" /></feature>",
              "count": 1
            }
          ]
        }
      },
      "config.xml": {
        "parents": {
          "/*": [
            {
              "xml": "<feature name=\"Keyboard\"><param name=\"android-package\" onload=\"true\" value=\"io.ionic.keyboard.IonicKeyboard\" /></feature>",
              "count": 1
            }
          ]
        }
      },
      "res/values/strings.xml": {
        "parents": {
          "/resources": [
            {
              "xml": "<string name=\"google_app_id\">@string/google_app_id</string>",
              "count": 1
            },
            {
              "xml": "<string name=\"google_api_key\">@string/google_api_key</string>",
              "count": 1
            }
          ]
        }
      },
      "AndroidManifest.xml": {
        "parents": {
          "/*": [
            {
              "xml": "<uses-permission android:name=\"android.permission.INTERNET\" />",
              "count": 1
            },
            {
              "xml": "<uses-permission android:name=\"android.permission.ACCESS_NETWORK_STATE\" />",
              "count": 1
            },
            {
              "xml": "<uses-permission android:name=\"android.permission.WAKE_LOCK\" />",
              "count": 1
            }
          ],
          "/manifest/application": [
            {
              "xml": "<service android:enabled=\"true\" android:exported=\"false\" android:name=\"com.google.android.gms.measurement.AppMeasurementService\" />",
              "count": 1
            },
            {
              "xml": "<service android:name=\"org.apache.cordova.firebase.FirebasePluginMessagingService\"><intent-filter><action android:name=\"com.google.firebase.MESSAGING_EVENT\" /></intent-filter></service>",
              "count": 1
            },
            {
              "xml": "<service android:name=\"org.apache.cordova.firebase.FirebasePluginInstanceIDService\"><intent-filter><action android:name=\"com.google.firebase.INSTANCE_ID_EVENT\" /></intent-filter></service>",
              "count": 1
            },
            {
              "xml": "<receiver android:name=\"org.apache.cordova.firebase.OnNotificationOpenReceiver\" />",
              "count": 1
            }
          ]
        }
      }
    }
  },
  "installed_plugins": {
    "cordova-plugin-whitelist": {
      "PACKAGE_NAME": "com.angularfirebase.myproject"
    },
    "cordova-plugin-device": {
      "PACKAGE_NAME": "com.angularfirebase.myproject"
    },
    "cordova-plugin-splashscreen": {
      "PACKAGE_NAME": "com.angularfirebase.myproject"
    },
    "cordova-plugin-ionic-webview": {
      "PACKAGE_NAME": "com.angularfirebase.myproject"
    },
    "cordova-plugin-ionic-keyboard": {
      "PACKAGE_NAME": "com.angularfirebase.myproject"
    },
    "cordova-plugin-firebase": {
      "PACKAGE_NAME": "com.angularfirebase.myproject"
    }
  },
  "dependent_plugins": {},
  "modules": [
    {
      "id": "cordova-plugin-device.device",
      "file": "plugins/cordova-plugin-device/www/device.js",
      "pluginId": "cordova-plugin-device",
      "clobbers": [
        "device"
      ]
    },
    {
      "id": "cordova-plugin-splashscreen.SplashScreen",
      "file": "plugins/cordova-plugin-splashscreen/www/splashscreen.js",
      "pluginId": "cordova-plugin-splashscreen",
      "clobbers": [
        "navigator.splashscreen"
      ]
    },
    {
      "id": "cordova-plugin-ionic-keyboard.keyboard",
      "file": "plugins/cordova-plugin-ionic-keyboard/www/android/keyboard.js",
      "pluginId": "cordova-plugin-ionic-keyboard",
      "clobbers": [
        "window.Keyboard"
      ]
    },
    {
      "id": "cordova-plugin-firebase.FirebasePlugin",
      "file": "plugins/cordova-plugin-firebase/www/firebase.js",
      "pluginId": "cordova-plugin-firebase",
      "clobbers": [
        "FirebasePlugin"
      ]
    }
  ],
  "plugin_metadata": {
    "cordova-plugin-whitelist": "1.3.3",
    "cordova-plugin-device": "2.0.1",
    "cordova-plugin-splashscreen": "5.0.2",
    "cordova-plugin-ionic-webview": "1.1.16",
    "cordova-plugin-ionic-keyboard": "2.0.5",
    "cordova-plugin-firebase": "0.1.25"
  }
}
